I01_01_1.bmp,27.469465191623243,19.690462397791265,30.39516286965005
i01_01_2.bmp,33.23091045568455,16.11370141757638,29.932579878581087
i01_01_3.bmp,42.181958256256706,18.512124457007616,29.224070205179782
i01_01_4.bmp,51.99271353479875,27.72044565425935,28.647947692063717
i01_01_5.bmp,60.292930703810356,50.19493267179698,28.241678656804652
i01_02_1.bmp,22.11891390758828,22.674131041608092,30.39679828006672
i01_02_2.bmp,24.164052638606876,20.160892126274433,29.982079571795992
i01_02_3.bmp,30.492257011556916,27.766211406541828,29.284766415920934
i01_02_4.bmp,37.219912152752016,35.18451405453831,28.727479236848353
i01_02_5.bmp,45.04700334441711,38.42443963504556,28.282267130789236
i01_03_1.bmp,16.34587713670666,20.0654957500752,30.67281335257683
i01_03_2.bmp,15.754756576218682,17.235638222401775,30.293304921222173
i01_03_3.bmp,16.616855964697123,30.905908296176534,29.32879667109704
i01_03_4.bmp,17.572013439213123,37.4274900446006,28.77497546779422
i01_03_5.bmp,15.710064754040417,39.229870000903105,28.4110513392687
i01_04_1.bmp,25.70711379975498,26.272858284371495,30.64260157565257
i01_04_2.bmp,33.4338799374444,22.577121038354534,30.38361296685414
i01_04_3.bmp,45.994847822660944,21.806630278643723,29.8089330324974
i01_04_4.bmp,59.72185621780645,155.845,27.93974005461775
i01_04_5.bmp,73.6020960738824,155.845,27.943117770172673
i01_05_1.bmp,37.421556757792104,20.802640210308795,30.325379909566784
i01_05_2.bmp,47.63331485622663,16.759718142496666,29.893313553658516
i01_05_3.bmp,67.0259355317713,22.721179690900243,28.829914578410847
i01_05_4.bmp,78.49226779419857,155.845,28.013382249036283
i01_05_5.bmp,80.01604026135956,155.845,28.1279380916664
i01_06_1.bmp,23.525714714924874,31.17723190544777,30.715915978947766
i01_06_2.bmp,30.602837893714735,28.413818323620347,30.653068254236096
i01_06_3.bmp,37.21193048320535,27.4719502352319,30.30113673035303
i01_06_4.bmp,45.74596619904693,32.585329766613285,29.59759467628116
i01_06_5.bmp,51.03399826456368,26.10210232847666,28.613040242284505
i01_07_1.bmp,28.368194679248944,23.88251537320113,30.41715405368153
i01_07_2.bmp,42.70482191823075,21.793004978341145,30.2097855436493
i01_07_3.bmp,48.14558189750184,22.56058226584807,30.287729448504656
i01_07_4.bmp,63.396820415947985,32.08414848913341,29.339194320542468
i01_07_5.bmp,75.16617384931575,43.445483825834316,29.678218344965043
I02_01_1.bmp,33.14315493621527,18.707127109759853,31.952641845045278
i02_01_2.bmp,43.21425257765347,16.39203383655851,30.62035772894953
i02_01_3.bmp,51.43225455620458,22.496848963308906,29.55410498724796
i02_01_4.bmp,56.94347151471058,34.78742712856851,28.851607866930898
i02_01_5.bmp,64.51561680701329,155.845,27.98832903094131
i02_02_1.bmp,23.37696750981192,23.06008009824879,32.09729106319607
i02_02_2.bmp,28.83363087404834,22.36924692039301,30.85031877126932
i02_02_3.bmp,37.698351375053534,36.15227858733678,29.748648002309718
i02_02_4.bmp,46.13116564332606,155.845,27.879198373430874
i02_02_5.bmp,54.68587735720334,155.845,28.011562931223462
i02_03_1.bmp,20.302162053525734,23.973016832749153,33.063263474782524
i02_03_2.bmp,19.810703828590903,40.73479082159767,31.171735002031774
i02_03_3.bmp,17.605429393843878,41.105507328088464,30.019771030476164
i02_03_4.bmp,16.15810130129009,38.239171266203215,29.154767203493492
i02_03_5.bmp,12.202416124916084,42.10265101913521,28.548359277005723
i02_04_1.bmp,21.828168064695404,20.674522142416407,32.89261119902626
i02_04_2.bmp,30.477391490892813,23.804495933167885,31.946235461212076
i02_04_3.bmp,45.6284213743306,6.616895082870855,30.868361840761253
i02_04_4.bmp,63.22434465122578,155.845,27.70743298721048
i02_04_5.bmp,73.26339748233542,155.845,27.81671191127234
i02_05_1.bmp,46.573030949934235,17.934543550993993,31.72681085215465
i02_05_2.bmp,59.99896500797885,19.3821923033764,30.52235220225377
i02_05_3.bmp,71.39457519110468,15.702180029931213,28.440863958650702
i02_05_4.bmp,75.14832730852655,155.845,28.05442987280582
i02_05_5.bmp,82.85085863252067,155.845,28.507765578940347
i02_06_1.bmp,26.466027464768075,25.689126144575738,33.916528667554296
i02_06_2.bmp,33.37183060000447,32.757725781953894,33.672652804866516
i02_06_3.bmp,48.48538526304614,38.81521194248339,32.31436316042672
i02_06_4.bmp,75.02904436846583,49.76433832864345,30.21726364232987
i02_06_5.bmp,82.63540736840568,37.86083208073089,28.852852978362662
i02_07_1.bmp,42.817794540835024,26.42665546368218,32.36333228720449
i02_07_2.bmp,61.90767122624604,30.071316783843116,33.130860559090614
i02_07_3.bmp,82.02848615957814,30.259409749006494,31.207584251185175
i02_07_4.bmp,74.59139678916469,53.912992949985636,30.51079575088099
i02_07_5.bmp,116.99274808375773,61.09341148513485,32.058237690627344
I03_01_1.bmp,33.367105855537574,27.634087167281535,31.676676503529407
i03_01_2.bmp,41.18865506656218,31.6366808769819,30.43958392221405
i03_01_3.bmp,48.078508185819345,37.64439515467754,29.45542352634493
i03_01_4.bmp,56.122526421539106,41.185579349492144,28.800820791647403
i03_01_5.bmp,60.92914413592709,155.845,28.02488455446749
i03_02_1.bmp,22.712343539846387,35.62294451075476,31.80937575739829
i03_02_2.bmp,28.24887941780341,40.035749583032015,30.725445386961148
i03_02_3.bmp,36.167673566246066,42.24270391133402,29.712444545487973
i03_02_4.bmp,44.20510313204588,43.48340393647797,28.931053117035432
i03_02_5.bmp,52.20072080967881,155.845,28.022878838024706
i03_03_1.bmp,23.785488460821597,31.15786409653137,32.55015946871387
i03_03_2.bmp,21.081120957560046,33.635427003744184,31.058382562377954
i03_03_3.bmp,18.003955374608694,35.804450504048845,29.78448702759023
i03_03_4.bmp,15.915866029907164,38.88137617633262,28.97313796761035
i03_03_5.bmp,13.875297222211856,41.84002285681126,28.486473314402478
i03_04_1.bmp,7.719293720035324,30.061507732701756,33.90221042100624
i03_04_2.bmp,12.74547338605916,33.747658250333046,32.93657781447845
i03_04_3.bmp,23.383254123224418,37.70663352288008,32.07235314517017
i03_04_4.bmp,41.95136277416688,155.845,27.803737855908544
i03_04_5.bmp,61.556548942050796,155.845,27.877919798916267
i03_05_1.bmp,49.3587310366764,24.02733557204735,31.78990748280792
i03_05_2.bmp,59.91137660535523,27.72598556377622,30.507902017576384
i03_05_3.bmp,69.48737569360523,97.48701885479977,28.027618429473527
i03_05_4.bmp,74.82155579053429,155.845,28.059246918400646
i03_05_5.bmp,81.33693248140474,155.845,28.333506442992295
i03_06_1.bmp,24.282694208130323,29.32463167986336,34.389787979679774
i03_06_2.bmp,37.32715006578164,34.541363811122295,33.69191813030716
i03_06_3.bmp,52.703864651896396,35.389402112197644,32.36296000309856
i03_06_4.bmp,74.39589269115035,155.845,27.794843493593415
i03_06_5.bmp,83.7200454162681,155.845,27.78898314184566
i03_07_1.bmp,53.71466313288326,34.24031557269606,33.197606734695476
i03_07_2.bmp,78.58346609890916,38.16979883689086,32.636560784476536
i03_07_3.bmp,112.85125491399285,39.323061720415666,31.91210055682623
i03_07_4.bmp,92.89052331748539,44.292420864967625,32.227335712473376
i03_07_5.bmp,131.88462411278428,56.79695086700164,31.823439617516623
I04_01_1.bmp,18.93371766127322,24.081813653235344,32.39748524123399
i04_01_2.bmp,30.374294615873936,33.02722556273679,30.749245338931065
i04_01_3.bmp,42.901771092100574,44.066344305081856,29.573454259504942
i04_01_4.bmp,53.529817433796524,50.16347281905209,28.867544082929548
i04_01_5.bmp,59.59000438363003,155.845,27.99046221232537
i04_02_1.bmp,7.364536247053678,35.176583230559885,32.396662663841006
i04_02_2.bmp,14.979645186299848,46.860149758884376,30.889661765736594
i04_02_3.bmp,23.905791184685853,53.32044648478981,29.737120858026103
i04_02_4.bmp,36.17755984677248,155.845,27.93667117639793
i04_02_5.bmp,46.29506055430383,155.845,27.96910199257891
i04_03_1.bmp,11.112359676445948,25.805309657502875,33.36540027416144
i04_03_2.bmp,12.331797638075358,29.94458382237903,31.49872619576847
i04_03_3.bmp,15.361142361558876,37.008446356238295,30.006664995572386
i04_03_4.bmp,12.300524379971279,41.17623046640537,29.111665576413913
i04_03_5.bmp,13.935200710767589,42.193764470294894,28.56462219670167
i04_04_1.bmp,6.113240208107271,29.409971022311737,33.97742634725281
i04_04_2.bmp,17.287359545311773,27.33799872899246,32.82098912474745
i04_04_3.bmp,36.02393353388081,31.086839858406478,31.480279308076465
i04_04_4.bmp,60.30800792997704,155.845,27.944301840011324
i04_04_5.bmp,75.90804098196563,155.845,28.00081627926089
i04_05_1.bmp,30.922499960825093,21.90871385998966,32.428038972323655
i04_05_2.bmp,46.89306459317649,29.75777709088058,30.80602151544084
i04_05_3.bmp,65.78388712025352,155.845,27.923860823530568
i04_05_4.bmp,73.37468015560884,155.845,28.011102687448552
i04_05_5.bmp,80.34782894300233,155.845,28.218255699572254
i04_06_1.bmp,12.23290480198429,30.01931155939789,35.64463436007194
i04_06_2.bmp,19.57630797858289,33.68538580972515,35.20093828997459
i04_06_3.bmp,36.203094104662654,35.32676569741952,33.88744225437733
i04_06_4.bmp,64.16104777108373,41.649052350761366,31.569336137395354
i04_06_5.bmp,86.7567468321856,47.08259372814493,29.600253368133544
i04_07_1.bmp,32.587807805831034,30.652628453567758,33.255207362851294
i04_07_2.bmp,47.5514427919006,31.174839736449343,32.167498174004656
i04_07_3.bmp,66.19257097812587,44.550052976128285,31.626040755364922
i04_07_4.bmp,77.59621184818988,49.426220540251705,31.289425199325045
i04_07_5.bmp,132.53882758079075,42.29942317723234,30.86443621266664
I05_01_1.bmp,10.146403638042415,8.979136489412184,30.67848209785918
i05_01_2.bmp,17.378104449868232,9.533062914411033,30.042149209294557
i05_01_3.bmp,26.639775238628516,10.470833938300274,29.250784963877145
i05_01_4.bmp,35.0554698039401,15.711467304135653,28.61627432679359
i05_01_5.bmp,50.19110109454195,19.846329781799653,28.234710538173537
i05_02_1.bmp,3.105176776112529,8.225873912897072,30.73665790192752
i05_02_2.bmp,7.243441109611325,9.294937264756499,30.12031600530041
i05_02_3.bmp,13.577544953902105,12.29265617666428,29.3125316908339
i05_02_4.bmp,20.29077408321652,17.33890831670007,28.68426964834733
i05_02_5.bmp,31.35992735438137,23.8905561445234,28.281254265175555
i05_03_1.bmp,3.5142113834415056,10.417887658350963,30.846706502626944
i05_03_2.bmp,6.238952726327824,17.267508913534556,30.034122335441783
i05_03_3.bmp,8.785113228636845,25.428000351821964,29.27376308200286
i05_03_4.bmp,11.775791914108908,29.20092729550842,28.79886668941108
i05_03_5.bmp,14.530419151852556,31.109453539270675,28.42020538111757
i05_04_1.bmp,6.333230319023954,8.953041689252558,31.076561244522672
i05_04_2.bmp,12.517691114498888,8.593738250695054,30.70363540780945
i05_04_3.bmp,22.899706785563666,8.566163036676556,29.965938202046452
i05_04_4.bmp,37.860286994704296,13.254618380353662,29.076185104033982
i05_04_5.bmp,56.72721171489249,155.845,27.93254753631617
i05_05_1.bmp,16.504802156160025,8.378379043144122,30.645679649619836
i05_05_2.bmp,26.645569459412826,8.1884182241715,30.072336268463076
i05_05_3.bmp,49.33696308888997,8.746022916820579,28.87134199431277
i05_05_4.bmp,67.93762439709926,155.845,28.075741364718738
i05_05_5.bmp,75.10511072961683,155.845,28.469543178277217
i05_06_1.bmp,5.90696414541307,10.549160834900448,31.145085745797026
i05_06_2.bmp,11.652000818234313,12.482106392697204,30.597124934354277
i05_06_3.bmp,21.022598493787513,16.94293737707457,29.7320943704355
i05_06_4.bmp,31.579637051076105,18.98501420884756,28.97271391593367
i05_06_5.bmp,37.58369286935735,155.845,27.726849629892886
i05_07_1.bmp,9.072222588152584,9.716262930289957,30.824959655364918
i05_07_2.bmp,11.87954504987269,9.535000229726137,30.438862899113857
i05_07_3.bmp,20.09464745437637,9.113652599886194,29.998809110004274
i05_07_4.bmp,31.66808718045624,14.466433647485786,29.20855101335315
i05_07_5.bmp,51.527729404678865,11.226541542959666,29.083326244519615
I06_01_1.bmp,16.578469700677573,13.774949154985933,30.629166156592436
i06_01_2.bmp,22.914225496491753,12.070103151421534,30.12647948792749
i06_01_3.bmp,32.55258984482029,17.499619586029638,29.421752271655524
i06_01_4.bmp,41.29623005493815,26.179410990898845,28.81969813061112
i06_01_5.bmp,51.42375563696041,53.4935316809202,28.33301194394525
i06_02_1.bmp,7.80918430654728,16.634578589718075,30.63812705178535
i06_02_2.bmp,13.53456861576862,14.575760311533912,30.186269352527834
i06_02_3.bmp,20.449570063669825,21.362573867405303,29.52004435245309
i06_02_4.bmp,28.204648070625325,32.37460721024044,28.91060204141052
i06_02_5.bmp,36.84889275588418,49.41813303518447,28.39080751252591
i06_03_1.bmp,3.0421224956407684,16.52367593878361,30.985057000407256
i06_03_2.bmp,5.047745262684856,19.58372156156699,30.47203392687078
i06_03_3.bmp,5.821860725413984,22.260681797814613,29.76553210054285
i06_03_4.bmp,7.210775791761847,26.5339536962517,29.07045532972248
i06_03_5.bmp,7.120862482054321,31.396393794044428,28.575484643120856
i06_04_1.bmp,3.2317107160272087,21.27682758182047,31.07897955322652
i06_04_2.bmp,8.488609305996732,19.02838426811158,30.886731419591904
i06_04_3.bmp,18.254154657813586,19.52871777156642,30.41551170903518
i06_04_4.bmp,33.60738302417073,26.81924379357403,29.452564604671167
i06_04_5.bmp,48.548472498226346,155.845,28.08870833425781
i06_05_1.bmp,24.511097993046832,13.714453280494666,30.570355279005653
i06_05_2.bmp,35.5627040312539,11.921861898430365,30.092188023768465
i06_05_3.bmp,54.0115128125004,21.560632151105523,28.996848273410812
i06_05_4.bmp,66.18335386849142,155.845,28.097242193715136
i06_05_5.bmp,73.52166051266283,155.845,28.30226206716526
i06_06_1.bmp,8.403020416227918,24.77281993457504,31.227964882657698
i06_06_2.bmp,16.916986716932882,28.635427455626285,31.140815824126413
i06_06_3.bmp,32.940140930695264,28.074719696844426,30.920612095924316
i06_06_4.bmp,52.7039940929927,29.273713672548837,30.413386356916394
i06_06_5.bmp,64.82871288232431,34.10129832583081,29.556522362197306
i06_07_1.bmp,19.444875602283872,19.97932127361068,30.832935776542826
i06_07_2.bmp,32.529281019219724,19.39909096448318,30.584190135325898
i06_07_3.bmp,47.361443176058486,24.665901322346116,30.27925066867184
i06_07_4.bmp,62.74656970759733,41.95456905303783,29.679593064544704
i06_07_5.bmp,83.16298719608366,48.49244348889383,30.028929061365652
I07_01_1.bmp,36.10089149981022,38.89584765681238,31.76402003837513
i07_01_2.bmp,41.28318741091138,38.93678431545524,30.446600192062597
i07_01_3.bmp,45.179557087608,41.64148741587812,29.40328311565157
i07_01_4.bmp,50.038961335653624,43.728070155670906,28.754732822289625
i07_01_5.bmp,53.33573412192433,48.06892040563022,28.198395773411175
i07_02_1.bmp,31.35014072396686,38.62489458336742,31.833585878271997
i07_02_2.bmp,34.51455343110635,39.70601014868723,30.639769327104492
i07_02_3.bmp,38.500885726082146,41.436701123884376,29.606541544294625
i07_02_4.bmp,42.31704175899094,59.8991697588701,28.8531787901496
i07_02_5.bmp,46.38449529830845,155.845,27.98633278647091
i07_03_1.bmp,30.316820829672423,46.726233642881965,31.986118434632314
i07_03_2.bmp,29.57789342670796,44.986934530392745,30.975491789904737
i07_03_3.bmp,27.423885315798742,50.82180086175126,29.593563748119994
i07_03_4.bmp,23.868889282760023,52.91061648549791,28.948023293045324
i07_03_5.bmp,19.619785313013125,50.91875087592413,28.489106036098363
i07_04_1.bmp,25.03258659000275,38.99701159019443,32.85346488585164
i07_04_2.bmp,26.84013014143406,38.09348795639207,32.04475541800396
i07_04_3.bmp,31.63076533296234,38.287550646607514,31.084742448489322
i07_04_4.bmp,43.942193197464206,155.845,27.923280057002312
i07_04_5.bmp,60.47899988533149,155.845,27.99312877233866
i07_05_1.bmp,48.14098199740167,36.58098679305155,31.731910357542414
i07_05_2.bmp,55.96667648124273,36.24216172601993,30.486548842059356
i07_05_3.bmp,66.84099159061154,63.8030782474593,28.87745759092749
i07_05_4.bmp,71.57910869924879,155.845,28.000076230882037
i07_05_5.bmp,74.67193527486799,155.845,28.1876967466213
i07_06_1.bmp,38.44127753018651,44.741518836087806,33.56129415556667
i07_06_2.bmp,47.8181004973645,44.40207103671136,33.063451692466806
i07_06_3.bmp,59.35641581428487,41.435710147947105,32.226178511893906
i07_06_4.bmp,74.34779154800512,46.286814540185986,30.824351484485636
i07_06_5.bmp,79.62091862260601,155.845,27.797412417821764
i07_07_1.bmp,41.93590422846998,40.85285783588128,32.37691161713487
i07_07_2.bmp,48.6028288822674,42.04723162916636,31.561650236086113
i07_07_3.bmp,67.53293630422237,45.537028532193375,30.72827435892215
i07_07_4.bmp,77.86108212690564,45.56353287328156,30.523186468397384
i07_07_5.bmp,101.12067828155622,51.45538967584989,30.81239254698481
I08_01_1.bmp,14.542316976095407,5.989254765108257,30.921547912905506
i08_01_2.bmp,21.2395510346025,0.7964526746924037,30.461644225446747
i08_01_3.bmp,30.97600767222295,1.7072658973982868,29.63964803388423
i08_01_4.bmp,41.77166470362883,9.87545854647314,28.885473930096484
i08_01_5.bmp,51.829023745908984,24.503635937404482,28.384008339246133
i08_02_1.bmp,7.5220354091893284,8.420078256500204,30.91205728954575
i08_02_2.bmp,11.190558187881123,4.39217693696375,30.493563819052444
i08_02_3.bmp,17.414481106107786,7.9388844653938975,29.659808264346506
i08_02_4.bmp,25.488960399821593,21.33656272886728,28.903783810413156
i08_02_5.bmp,36.14742060223611,43.897100655624484,28.40849642435805
i08_03_1.bmp,3.37302708935394,6.241917555519507,31.33629408135942
i08_03_2.bmp,3.0722552670866605,1.0404422839103233,30.895146262260667
i08_03_3.bmp,4.304117039733995,2.9077584400010608,29.85289226031378
i08_03_4.bmp,5.520011059992356,17.098732187215404,29.016007824420438
i08_03_5.bmp,6.459385589945754,23.131019446169574,28.5530084018478
i08_04_1.bmp,8.050547806384742,13.671150197299852,31.150749648487427
i08_04_2.bmp,12.658290969473086,10.542455844083264,30.951378151538698
i08_04_3.bmp,21.84586789265356,6.971389644788786,30.52978808150366
i08_04_4.bmp,36.9960739580641,11.686546672636581,29.78555175980222
i08_04_5.bmp,56.94725142415061,155.845,28.01136385637377
i08_05_1.bmp,23.292987573346608,7.6297896064513395,30.87998866186721
i08_05_2.bmp,34.820761657683505,3.9341316093532157,30.430359853409517
i08_05_3.bmp,57.47228078155953,7.050765447444832,29.12364323474864
i08_05_4.bmp,73.52786970878722,155.845,28.071694898368005
i08_05_5.bmp,79.0531006651864,155.845,28.353333957406686
i08_06_1.bmp,11.674121510126696,18.104254259755834,31.4201651228276
i08_06_2.bmp,19.13914314571886,19.648335099661125,31.34272104420249
i08_06_3.bmp,32.51623234274561,21.049754150063876,31.081498707884144
i08_06_4.bmp,49.83655059004249,21.543033771459335,30.399684698864405
i08_06_5.bmp,61.61306145489422,18.853789739992607,29.414877868210496
i08_07_1.bmp,22.16384026810985,12.556006533919657,31.07540532083712
i08_07_2.bmp,31.591080983332603,10.35815761909825,30.669347276055294
i08_07_3.bmp,39.18409153387901,14.434822605090147,30.352368506390413
i08_07_4.bmp,59.18519043312514,20.836032131181554,30.18609111429189
i08_07_5.bmp,95.76693050307958,34.6294661770863,30.67445398638594
I09_01_1.bmp,25.381763511521143,20.61283710779523,31.95843461257153
i09_01_2.bmp,33.301490648439625,25.39870682666171,30.52608158778451
i09_01_3.bmp,41.136003030024625,34.74880560204414,29.411528696039994
i09_01_4.bmp,47.88412365671226,37.5169573190677,28.761153470969525
i09_01_5.bmp,54.65903682371649,39.564666521840735,28.22780704040104
i09_02_1.bmp,15.73744883304957,25.69670550453347,32.01554724697168
i09_02_2.bmp,21.590432605932477,35.38298954785998,30.659487395851713
i09_02_3.bmp,30.027927481456203,45.19656071704955,29.584437841593708
i09_02_4.bmp,37.14912893718005,45.955744710948665,28.832330003608767
i09_02_5.bmp,45.052870569879104,52.364335122050164,28.10990471954596
i09_03_1.bmp,12.456954447224206,28.1981751609745,32.92173385362325
i09_03_2.bmp,12.982241023758519,27.383163440490847,31.564187857585097
i09_03_3.bmp,11.696082226587322,40.73288082176893,29.696453162754167
i09_03_4.bmp,10.81626822685925,41.48328069791805,28.985118072844465
i09_03_5.bmp,11.257303588425742,42.023874358853135,28.52008354568222
i09_04_1.bmp,8.66416019561845,28.96015087395162,33.42473347477638
i09_04_2.bmp,13.073870290956478,28.652882366783246,32.80089333934012
i09_04_3.bmp,22.20959472139188,32.75274394331947,31.870646177500035
i09_04_4.bmp,36.60896510537643,35.89731254763828,30.578442150334915
i09_04_5.bmp,54.26160893748292,155.845,27.832875171764982
i09_05_1.bmp,40.70279184429782,15.823232079731469,32.01710583261967
i09_05_2.bmp,51.676887112426556,16.09539954384249,30.708894334334094
i09_05_3.bmp,64.1587783223583,44.796865374323914,28.905811934574736
i09_05_4.bmp,69.513366073132,155.845,27.899608695218046
i09_05_5.bmp,76.20704552893426,155.845,28.115460818491993
i09_06_1.bmp,16.301417249835566,31.080713880861452,34.360660505939656
i09_06_2.bmp,26.749937828745118,32.86871766974215,33.969927891835724
i09_06_3.bmp,42.84301789150206,34.96706799349781,33.03669810703145
i09_06_4.bmp,65.65102082378357,50.88064750140765,31.29255557453269
i09_06_5.bmp,77.35996855510106,155.845,27.809574332178606
i09_07_1.bmp,39.658343156460745,27.796445772198894,32.764868293106524
i09_07_2.bmp,56.95172517050068,34.738737319583805,32.136809746118715
i09_07_3.bmp,87.91127866185761,48.411265857872394,32.36736877901596
i09_07_4.bmp,107.27668049804876,54.45110602678514,32.01138781314283
i09_07_5.bmp,133.86971289102482,48.943269961651,32.146419019536374
I10_01_1.bmp,23.753988173464194,23.399672883989723,32.251470713237815
i10_01_2.bmp,31.610885113139346,27.508748752687183,30.731493512805088
i10_01_3.bmp,41.38766604641884,37.65310701849236,29.49408447617717
i10_01_4.bmp,49.851391368201774,41.7744935074264,28.807745215478494
i10_01_5.bmp,55.41018159533573,31.71563818906131,28.252046747719874
i10_02_1.bmp,15.474033980955454,26.80378547319728,32.274485155684424
i10_02_2.bmp,19.57722972775636,34.4533860501235,30.84445618773769
i10_02_3.bmp,26.17006183554824,45.56332688632435,29.651623748573805
i10_02_4.bmp,36.88422549420838,46.05467098029018,28.884168461376692
i10_02_5.bmp,44.258381591746996,155.845,28.012484424949342
i10_03_1.bmp,11.922211244821113,32.18331818727526,32.95806644622547
i10_03_2.bmp,12.446237681143742,34.57437234047072,31.284611941341574
i10_03_3.bmp,10.84443336829142,46.15453829377154,29.663371643515227
i10_03_4.bmp,10.449976020660046,45.748211197552195,29.013366188710723
i10_03_5.bmp,11.077637046601893,46.65882365075581,28.51980804088601
i10_04_1.bmp,13.693230291475487,33.25029162298799,33.39356251722998
i10_04_2.bmp,19.070522526329995,31.817308154677306,32.822860819922695
i10_04_3.bmp,30.096062275996672,32.59528001999874,31.86648863992941
i10_04_4.bmp,46.681001415501754,155.845,28.08753147660147
i10_04_5.bmp,63.62147637542748,155.845,28.149281513078115
i10_05_1.bmp,38.357016839284,21.599164035678513,32.189996128147925
i10_05_2.bmp,50.24223585222225,21.408737042475508,30.828157170555702
i10_05_3.bmp,64.9941390353242,48.3448874955113,28.925853189760925
i10_05_4.bmp,70.20879454251619,155.845,28.052774801373346
i10_05_5.bmp,76.32195463455628,155.845,28.11338959387049
i10_06_1.bmp,19.934205113467982,35.0977886489097,34.57200519099001
i10_06_2.bmp,27.309309370684986,38.73402989068731,34.298839317029326
i10_06_3.bmp,43.927303937901655,40.31697758014067,33.81813037015584
i10_06_4.bmp,64.70264928635615,40.80382563383384,32.53107517426396
i10_06_5.bmp,87.79269542910944,46.718916185109805,30.676087301648487
i10_07_1.bmp,38.547056827081036,29.813505863768313,32.736899621013265
i10_07_2.bmp,50.78314778178034,34.630650045099145,32.13468961870803
i10_07_3.bmp,83.6175905627675,48.87521065509188,31.80683120879631
i10_07_4.bmp,105.04222437638154,59.72045562553669,31.88926157292968
i10_07_5.bmp,130.86965671280902,59.40379880466148,31.706678820483546
I11_01_1.bmp,20.03296461594593,15.515360794685392,31.11747432723622
i11_01_2.bmp,27.866932799337036,13.877967576511054,30.25594124602143
i11_01_3.bmp,37.60271670243648,21.487915987414652,29.27954068715377
i11_01_4.bmp,48.50631301233486,23.92745104223829,28.70715280213071
i11_01_5.bmp,57.15165924978666,155.845,28.055458127140064
i11_02_1.bmp,12.663720985104504,19.615842538247392,31.215879342007803
i11_02_2.bmp,16.41068275316374,20.875922924640548,30.37185302130127
i11_02_3.bmp,23.028521261957025,28.98611416380831,29.401255535663978
i11_02_4.bmp,31.378037434473725,32.261414234788475,28.809608361541073
i11_02_5.bmp,42.182369010145266,155.845,28.07822693796112
i11_03_1.bmp,9.220472471158331,24.704748512174973,31.175386315988458
i11_03_2.bmp,9.493796547151959,19.42350215822998,30.841788880152624
i11_03_3.bmp,9.89608413677692,28.27832278839432,29.605129472547276
i11_03_4.bmp,10.827710344774772,33.84912617737197,28.869651014755835
i11_03_5.bmp,9.823295655422243,36.1938718960765,28.425903184182587
i11_04_1.bmp,10.290176073730748,24.41969913825787,31.798979967739136
i11_04_2.bmp,15.546873903658906,22.298915328736683,31.423584661862257
i11_04_3.bmp,26.435675832295686,22.64228225834674,30.635482928105876
i11_04_4.bmp,42.07034777165197,18.08312421580908,29.30168280810647
i11_04_5.bmp,59.604095305492564,155.845,27.96530764659157
i11_05_1.bmp,31.75326697950115,16.360772826372767,31.040651321108193
i11_05_2.bmp,43.98568779926197,11.541362916582756,30.28657848897517
i11_05_3.bmp,62.2542436551997,17.400319331139457,28.915995017763592
i11_05_4.bmp,71.46324664521612,155.845,28.119544910196264
i11_05_5.bmp,76.44690018625349,155.845,28.4042964094714
i11_06_1.bmp,17.222366830272307,25.110288363409467,32.039887583389735
i11_06_2.bmp,27.007976816353192,25.577443672276985,31.57368092748635
i11_06_3.bmp,39.29433224755391,24.3684025770676,30.499314303221674
i11_06_4.bmp,52.561839550570056,29.057212645532644,29.3261179995643
i11_06_5.bmp,56.56804925609637,155.845,27.823394464118895
i11_07_1.bmp,27.837051725408145,20.851373577245653,31.24248508304038
i11_07_2.bmp,37.818557417400115,24.02738084545453,30.28241682166088
i11_07_3.bmp,52.646495758290115,31.155113098150395,29.453673898461656
i11_07_4.bmp,63.638441964198904,36.44558684197281,29.28833447195157
i11_07_5.bmp,93.433318149879,30.09345670514753,28.977673636819077
I12_01_1.bmp,20.905224196591888,28.741919033022867,32.05615483910772
i12_01_2.bmp,27.9879797461019,30.948885546234663,30.714411109439055
i12_01_3.bmp,39.730415983106326,34.50227854301042,29.570662974605362
i12_01_4.bmp,49.27804175745186,43.67994938741296,28.840965795763047
i12_01_5.bmp,56.94281558470837,49.49966701207072,28.239217888567364
i12_02_1.bmp,13.469008758331455,33.61412104116695,32.09791731782873
i12_02_2.bmp,18.992174738717125,39.53979821459379,30.799557177104894
i12_02_3.bmp,25.661496966104863,44.640981481383136,29.69150250141265
i12_02_4.bmp,33.74026183475107,41.15900860883036,28.91041542134428
i12_02_5.bmp,43.75606761537276,155.845,27.821538832508065
i12_03_1.bmp,12.073378254900916,30.95149998202075,33.63767319392784
i12_03_2.bmp,10.20912816571169,31.75232669644285,31.940795463680427
i12_03_3.bmp,10.224058105614148,45.59434298454923,29.846787047502637
i12_03_4.bmp,10.663165916995439,47.86898605425117,29.066003226960106
i12_03_5.bmp,10.409880015484617,46.20813268866422,28.54923653775294
i12_04_1.bmp,14.506198674952401,34.788747415685265,33.09742517178657
i12_04_2.bmp,21.638536095809485,31.35070702213656,32.54041933957955
i12_04_3.bmp,34.45739556428791,31.513898723075698,31.49127028897128
i12_04_4.bmp,50.21904062151597,155.845,27.739111428707318
i12_04_5.bmp,63.263587706907316,155.845,27.812339331212783
i12_05_1.bmp,35.29077410756892,26.513195910045482,31.954176415859482
i12_05_2.bmp,47.5971725918632,25.598687386376668,30.756529763073065
i12_05_3.bmp,62.47349525151739,43.82911432994999,28.934421810565325
i12_05_4.bmp,70.2325618386595,155.845,27.87962803061405
i12_05_5.bmp,79.28368423741898,155.845,28.22696360004336
i12_06_1.bmp,22.496735474574137,42.68554286160551,34.069008053677635
i12_06_2.bmp,32.82493635123396,44.26180635840862,33.92843594517777
i12_06_3.bmp,52.01760751796425,42.32898767256731,33.65530840646091
i12_06_4.bmp,81.07971199518826,44.86219710922987,32.554991954809495
i12_06_5.bmp,94.84954406507276,42.08387470528393,30.95195629817313
i12_07_1.bmp,43.93707865981898,33.629281074056365,32.509024771655966
i12_07_2.bmp,59.9885717239824,43.43203741175077,31.659630683577138
i12_07_3.bmp,104.34159567193385,46.49844339137357,31.727464101564454
i12_07_4.bmp,101.55757129902926,54.62849697332044,31.341266152380804
i12_07_5.bmp,125.81197661700637,59.98298342387997,31.693164029307923
I13_01_1.bmp,24.02503250854258,22.02341431150691,29.6358394628653
i13_01_2.bmp,26.834434212317746,18.007799828855894,29.438050019189866
i13_01_3.bmp,34.59739822167032,15.742709782543756,29.094058687558263
i13_01_4.bmp,42.171165055710816,18.594199585879977,28.63087980843982
i13_01_5.bmp,50.390319685032495,19.463053383236087,28.275784483895883
i13_02_1.bmp,21.293795122347973,23.270432956439976,29.66243073377346
i13_02_2.bmp,22.988080837341926,19.244026225318265,29.48478887808625
i13_02_3.bmp,26.57303828898179,17.76184794047319,29.161254084868503
i13_02_4.bmp,30.80680438481417,23.251506398216947,28.702778684517934
i13_02_5.bmp,37.841671883730754,29.672084155245642,28.3448362378574
i13_03_1.bmp,19.413326722683877,21.586659564750875,29.85187721115758
i13_03_2.bmp,19.097511018246422,18.961729954358105,29.707056766796317
i13_03_3.bmp,18.125933325759405,25.40438070440436,29.233230015996714
i13_03_4.bmp,17.82171410292048,30.259000361348143,28.796804454823285
i13_03_5.bmp,18.897137614729417,29.537572028214043,28.44965320314592
i13_04_1.bmp,24.16548436081834,25.160475913976114,29.787525545494816
i13_04_2.bmp,27.604877702763332,22.203389879451578,29.699017774458003
i13_04_3.bmp,35.515652172881545,17.9204983602543,29.48080478860907
i13_04_4.bmp,46.7117722277097,20.410994699237307,29.095708879032543
i13_04_5.bmp,61.47014494452273,155.845,27.88425535818866
i13_05_1.bmp,28.79107383437369,22.88229453722633,29.606841701021352
i13_05_2.bmp,35.78071641933215,18.186407097304453,29.389577110797532
i13_05_3.bmp,52.70025737288071,13.798655888113075,28.79503756747056
i13_05_4.bmp,67.78474347745478,155.845,27.973091863574
i13_05_5.bmp,76.9623455858268,155.845,28.288306380922037
i13_06_1.bmp,21.11896408827542,26.28319349324076,29.82921084002342
i13_06_2.bmp,23.151263552817653,22.623507396898816,29.712637116326164
i13_06_3.bmp,26.287654919498863,19.355773953833335,29.480970978959636
i13_06_4.bmp,30.776454604307872,20.525549379878242,29.039884996647906
i13_06_5.bmp,35.42103527378501,28.131772824602848,28.498638069849424
i13_07_1.bmp,24.77361481621685,22.325535950810234,29.67085756250149
i13_07_2.bmp,30.345208052085667,19.477936031723033,29.527433292766432
i13_07_3.bmp,36.079354919857764,18.301217727783268,29.347448688791363
i13_07_4.bmp,44.182928313265364,21.304818116683663,29.174403799439332
i13_07_5.bmp,54.54506213485021,22.343120814978505,29.180274433177082
I14_01_1.bmp,17.58248795080496,16.13447459959272,31.048047935527464
i14_01_2.bmp,24.093857920381055,15.528077597589999,30.274411677575344
i14_01_3.bmp,33.44862621208571,18.8524947167393,29.334718537328143
i14_01_4.bmp,42.250155251575706,24.168320671837108,28.691430943624926
i14_01_5.bmp,51.682957305505596,39.33843582773201,28.234783615053214
i14_02_1.bmp,12.949444885342444,18.528444619948317,31.11745806983556
i14_02_2.bmp,14.939943921246112,19.055767708245497,30.42345438614545
i14_02_3.bmp,20.166852829379394,23.72921737802855,29.499843541642147
i14_02_4.bmp,27.410072651850754,31.973986055937957,28.802911838644235
i14_02_5.bmp,37.99209279721421,155.845,27.906010396019354
i14_03_1.bmp,13.821004702388194,18.85614878994315,32.02247004093601
i14_03_2.bmp,14.169709861285327,19.877239300423952,31.171099562741492
i14_03_3.bmp,14.632088753372017,23.03710304973785,29.863016651540647
i14_03_4.bmp,17.00422688352782,30.109757370317624,28.999711557136266
i14_03_5.bmp,14.198164018687265,35.51940016813123,28.4637362760565
i14_04_1.bmp,15.657295390638836,18.450337962434872,31.53103049591681
i14_04_2.bmp,20.54781370888358,17.20822437148408,31.173115196860763
i14_04_3.bmp,30.23617445229283,16.323729119698527,30.45785750460446
i14_04_4.bmp,46.060191032892334,22.622149584260654,29.33509958560822
i14_04_5.bmp,64.18391716533105,155.845,27.901055481786635
i14_05_1.bmp,26.05755424137007,15.4110254298582,30.99854398138028
i14_05_2.bmp,36.546729576467186,13.953191196551728,30.289176988687416
i14_05_3.bmp,57.11127172403914,18.928838984425937,28.88080971716551
i14_05_4.bmp,69.16717256759514,155.845,27.979328615810587
i14_05_5.bmp,75.37305432929497,155.845,28.289029786242594
i14_06_1.bmp,16.696090953421134,20.543802016622152,31.779161034564865
i14_06_2.bmp,23.184807794628654,23.17861388092271,31.55992082300886
i14_06_3.bmp,32.10331633035443,23.87062433694811,31.070242528798836
i14_06_4.bmp,49.347038222253644,26.042238840138197,30.034788325741122
i14_06_5.bmp,63.67960117431343,26.66042485640841,29.1061759375382
i14_07_1.bmp,21.327126790659776,18.37233932937019,31.146681174435574
i14_07_2.bmp,29.652650817585794,18.764349833017803,30.597943151559228
i14_07_3.bmp,41.57128039074561,26.099262766827536,29.89259886929198
i14_07_4.bmp,52.30548577143881,32.16753251986992,29.764772489388008
i14_07_5.bmp,68.3936487714744,30.589441981694307,29.151245049196845
I15_01_1.bmp,22.404065568450022,20.93121846368146,32.4015782225253
i15_01_2.bmp,32.790344054111955,24.80671352459214,30.917888665254424
i15_01_3.bmp,44.56491726293072,40.71745458130644,29.68897563173322
i15_01_4.bmp,53.06064893008531,44.91205114982753,28.968419151269828
i15_01_5.bmp,59.316892638208714,155.845,28.124398958590465
i15_02_1.bmp,5.723624793315565,33.40655158747981,32.429290066729415
i15_02_2.bmp,15.303635018602193,38.65885251921836,31.009593046860374
i15_02_3.bmp,27.20443276277419,51.6253024595687,29.826901698032287
i15_02_4.bmp,37.990643938412944,155.845,27.973539646007353
i15_02_5.bmp,46.63137229323658,155.845,28.109013607273123
i15_03_1.bmp,10.08293319837182,21.80787206509885,33.23568201389786
i15_03_2.bmp,12.141236149869172,24.47360658598265,31.672841960282277
i15_03_3.bmp,13.90487298342643,27.573185519500015,30.24666553009027
i15_03_4.bmp,14.192161741434774,30.77178397012696,29.234533113569128
i15_03_5.bmp,12.253851068726334,30.09152414944535,28.68080244262199
i15_04_1.bmp,-7.222984834970163,33.33643347748634,34.15943615751043
i15_04_2.bmp,-1.7361943905006285,33.48141456029961,33.29943954668642
i15_04_3.bmp,11.542109949791296,35.98322916383344,32.21508504669189
i15_04_4.bmp,33.04253457417141,155.845,27.90462395423717
i15_04_5.bmp,55.49738864964192,155.845,27.978360526311544
i15_05_1.bmp,32.14529499471834,22.346193235144682,32.362570582808004
i15_05_2.bmp,48.06046432579839,26.676419257686547,30.9457507070378
i15_05_3.bmp,64.2624422946113,29.056894633472865,29.169217466252064
i15_05_4.bmp,71.60262760938971,155.845,28.193947081100895
i15_05_5.bmp,78.43149390471257,155.845,28.685355752029515
i15_06_1.bmp,7.615297445484174,79.18565698387769,28.800374835330103
i15_06_2.bmp,26.452010354928433,36.50662770583196,33.78842566088328
i15_06_3.bmp,48.067276529317354,155.845,27.850405306035476
i15_06_4.bmp,72.11781187371875,155.845,27.857826506331236
i15_06_5.bmp,72.9156486539558,155.845,27.854242236485458
i15_07_1.bmp,47.13455421708713,29.77819330129134,33.448607918629314
i15_07_2.bmp,60.9458081591782,32.08200427030212,32.24387991389275
i15_07_3.bmp,76.28370603413313,39.92665665874742,32.27269288201239
i15_07_4.bmp,115.54791296335858,46.86260219737366,31.85414519092058
i15_07_5.bmp,129.3617497950261,39.723146968001714,30.71205138887712
I16_01_1.bmp,25.27361852195392,22.482961963368297,31.967744437480867
i16_01_2.bmp,34.93628688678481,32.72300083439822,30.538037059861733
i16_01_3.bmp,44.651841884440586,45.0727329045703,29.451622761029952
i16_01_4.bmp,52.374025478460425,54.48226782069807,28.808146403872094
i16_01_5.bmp,59.67344590209589,155.845,28.02451033857247
i16_02_1.bmp,12.386078643128457,30.03813948901947,32.00182911452872
i16_02_2.bmp,20.41898804477202,42.257902742379514,30.68301299213772
i16_02_3.bmp,29.685365025943355,55.387959581446324,29.61206093747156
i16_02_4.bmp,38.73130891882326,42.38454464154083,28.862976815449784
i16_02_5.bmp,47.33296361080349,155.845,28.027698169961038
i16_03_1.bmp,11.952936065766806,33.43162483730336,32.65221836639477
i16_03_2.bmp,12.653575052256514,37.163119731903606,31.157083064448827
i16_03_3.bmp,12.423039328897943,48.423436191935906,29.698721426911547
i16_03_4.bmp,10.822406078373291,48.1724794749459,29.015436943393354
i16_03_5.bmp,11.906926376432097,48.996021046897994,28.524246188963957
i16_04_1.bmp,2.151895220615046,38.2822475539526,32.925495779035145
i16_04_2.bmp,8.546458723710288,31.118917365214514,32.52158613805114
i16_04_3.bmp,22.782120889174365,33.49912621805876,31.648879469740496
i16_04_4.bmp,42.01714184599368,155.845,28.18749898089688
i16_04_5.bmp,59.17595666208078,155.845,28.25446714575576
i16_05_1.bmp,38.66647228862368,19.978175672920287,31.92533415757037
i16_05_2.bmp,52.25767986204161,23.53103640021365,30.647534297835243
i16_05_3.bmp,66.42725206641146,35.672385822419045,28.85800413471033
i16_05_4.bmp,73.19075954875589,155.845,28.02824280284473
i16_05_5.bmp,81.11917337507671,155.845,28.087488246406934
i16_06_1.bmp,15.647729018570175,42.11799709743033,33.68329126692454
i16_06_2.bmp,25.584902131206803,48.10510413725237,33.46961060667916
i16_06_3.bmp,44.82649646418369,40.588256244836515,33.32490094846164
i16_06_4.bmp,71.74050115350676,40.62421028302467,32.351888419176646
i16_06_5.bmp,93.51272724887028,49.76051601796664,30.744903608797273
i16_07_1.bmp,48.051479006429275,35.38379361812824,32.5792337334486
i16_07_2.bmp,66.97594994600533,40.53696061556931,32.18988925942112
i16_07_3.bmp,104.72589927697638,49.453061235562785,32.32539275782834
i16_07_4.bmp,129.0258114589561,56.95116557358264,31.523161005801057
i16_07_5.bmp,156.33888102844188,64.93059057560797,32.7718584691092
I17_01_1.bmp,18.141951815537453,25.05190606699918,32.06877580836849
i17_01_2.bmp,26.193568556458985,27.39386362145214,30.576556120691553
i17_01_3.bmp,39.1082435679468,31.564021416245254,29.443032531415696
i17_01_4.bmp,49.52706488511487,28.790183259961253,28.76780735124248
i17_01_5.bmp,57.45159994436423,155.845,28.149314714574885
i17_02_1.bmp,8.180868881540022,27.69319631415371,32.18788755045939
i17_02_2.bmp,13.914792658955633,31.091085010839805,30.80831037657933
i17_02_3.bmp,23.01145098194783,34.469372430036486,29.665444774094208
i17_02_4.bmp,33.531578916673055,35.15534217511785,28.864501639478192
i17_02_5.bmp,41.906711756695785,155.845,28.127367201546996
i17_03_1.bmp,16.780021469529487,32.18978529291289,32.24861063599715
i17_03_2.bmp,16.613217304537642,22.544955858707425,31.50109739140095
i17_03_3.bmp,19.0914296482201,34.69927666562714,29.78135469413361
i17_03_4.bmp,18.816604584929536,35.013760788666644,28.941781052238497
i17_03_5.bmp,16.90039511951315,34.7588445129812,28.52586254241498
i17_04_1.bmp,0.7530764832557395,26.7163350586346,33.59674543322652
i17_04_2.bmp,4.60893961066003,27.424831839576058,32.90682192421143
i17_04_3.bmp,14.899112105876128,32.514530691005774,31.676489093722736
i17_04_4.bmp,34.197896147791624,155.845,27.833615941169533
i17_04_5.bmp,57.35264082013404,155.845,27.87831327324987
i17_05_1.bmp,29.687927905510122,20.32132719293324,32.13866371515602
i17_05_2.bmp,43.31706883996114,18.11824604747696,30.791503067594714
i17_05_3.bmp,62.236239054174774,33.75395459679393,29.024742158143955
i17_05_4.bmp,69.35696870960496,155.845,28.19758247556702
i17_05_5.bmp,75.2570131908069,155.845,28.47461780329867
i17_06_1.bmp,6.506987142328711,27.419200890600877,34.43570474693387
i17_06_2.bmp,18.383757006243826,24.34423202728496,33.951368002931844
i17_06_3.bmp,38.37983317642008,26.75070388038077,31.639658308845455
i17_06_4.bmp,57.03480293589027,32.68921195743789,28.69164374232039
i17_06_5.bmp,65.88714708629297,155.845,27.725780057266892
i17_07_1.bmp,17.287307177156634,31.166397584692476,32.21389905578411
i17_07_2.bmp,29.272818836731034,32.1383558801908,30.818132002915135
i17_07_3.bmp,43.003001314506236,33.29246992587443,30.525329959237077
i17_07_4.bmp,83.98853359641359,34.601199970150304,30.650042019482942
i17_07_5.bmp,121.54780956494082,44.53989520699528,32.35546901016196
I18_01_1.bmp,24.32517203212339,22.222978501801748,31.023167594834852
i18_01_2.bmp,29.007317150372927,22.222726050293176,30.157331576821612
i18_01_3.bmp,36.64602304588797,27.982760388503237,29.251518399056312
i18_01_4.bmp,45.16324768732645,28.18988454138534,28.70610847611239
i18_01_5.bmp,52.693620671447974,17.944584083715966,28.24731867845611
i18_02_1.bmp,18.102321318157777,22.126849648194224,31.12078991153397
i18_02_2.bmp,20.807754119267287,24.24731015238737,30.265150995174444
i18_02_3.bmp,26.193961830173606,29.689949175640407,29.422044880683238
i18_02_4.bmp,31.723659852420013,31.49421302775076,28.821814000753818
i18_02_5.bmp,41.66024945554838,155.845,27.92563680962956
i18_03_1.bmp,16.020385914121647,31.099555073930418,30.881105925586148
i18_03_2.bmp,17.635166176449133,25.495157762365665,30.903174383422108
i18_03_3.bmp,18.308483754689604,29.883899111710633,29.84895236404661
i18_03_4.bmp,17.696158695319667,34.71448931953634,28.958930225621017
i18_03_5.bmp,16.34903726265233,35.64642509933398,28.452924529019462
i18_04_1.bmp,18.92098644472682,24.670442447906765,31.689025542140715
i18_04_2.bmp,24.426333622138003,21.892256432197513,31.280470460623953
i18_04_3.bmp,34.309409241505904,22.576492474388004,30.51460381923375
i18_04_4.bmp,49.059409277360004,23.189604817178946,29.45666704048143
i18_04_5.bmp,65.16950988368032,155.845,27.835464978136354
i18_05_1.bmp,32.339317243123986,20.95390493093086,30.988346483230362
i18_05_2.bmp,42.365515744622456,17.642999537754775,30.26681630962226
i18_05_3.bmp,59.70420917474311,25.16730331292726,28.9049265816707
i18_05_4.bmp,68.83211042149989,155.845,27.973318447360462
i18_05_5.bmp,74.65796499830827,155.845,28.448131023528624
i18_06_1.bmp,18.235555324861565,26.07100283909776,31.9357636591309
i18_06_2.bmp,22.07513816214211,32.46663523324568,31.54856715491716
i18_06_3.bmp,29.8295668312621,30.970241421342138,30.83421731763304
i18_06_4.bmp,48.07379595418237,35.74186297636274,29.65943982739379
i18_06_5.bmp,59.130347636532946,32.982070286643165,28.674684172493997
i18_07_1.bmp,22.604208271542205,23.80767196426163,31.32824628574059
i18_07_2.bmp,30.15123553544217,23.911610975756247,30.844285504694913
i18_07_3.bmp,46.4128676841361,28.22002240458127,30.06599546590412
i18_07_4.bmp,57.15415532442259,36.50180764519857,29.926421697615865
i18_07_5.bmp,69.4034043553713,38.175441670118374,29.6106532818101
I19_01_1.bmp,29.700113677650478,13.394015430290864,31.29520693865296
i19_01_2.bmp,36.822337924775724,15.82510197100791,30.252492604049404
i19_01_3.bmp,45.42811390287736,24.096777399870206,29.2665606185397
i19_01_4.bmp,54.014528964719915,28.497238679332867,28.7235635478347
i19_01_5.bmp,63.018006575004875,53.04260429316784,28.266921107728955
i19_02_1.bmp,22.909952381858687,21.143003182754313,31.317153793500086
i19_02_2.bmp,26.630723405957013,24.011609312477134,30.30991315604044
i19_02_3.bmp,32.26083291840743,37.09427965588267,29.38349906057617
i19_02_4.bmp,40.0347281686787,41.94636047799369,28.80248603692932
i19_02_5.bmp,49.739303024202144,60.663261718777534,28.26480471786789
i19_03_1.bmp,11.931913135689996,18.99730168429548,31.296003792940663
i19_03_2.bmp,11.967781710298226,17.85724977401773,30.751797557071356
i19_03_3.bmp,10.168145235641049,18.744562801071737,29.647250258418595
i19_03_4.bmp,11.105800103711175,25.741323393664032,28.944716237297964
i19_03_5.bmp,12.426475085851933,29.908898964728195,28.517872108007545
i19_04_1.bmp,19.496829059686974,29.317051408215633,31.985693226781024
i19_04_2.bmp,25.02571776847944,27.07855021015402,31.45257303719008
i19_04_3.bmp,34.12983061611018,31.01286884576197,30.654047015231644
i19_04_4.bmp,44.92884648694914,37.627703686947115,30.12832956324705
i19_04_5.bmp,64.45927217289486,155.845,28.307939109805144
i19_05_1.bmp,45.07971844456037,15.40749041584715,31.19901872338414
i19_05_2.bmp,57.329895565182454,11.637150843730609,30.447303924017458
i19_05_3.bmp,74.38663367456817,18.366468176736674,28.94747540789951
i19_05_4.bmp,81.75494808995913,155.845,28.064159224202193
i19_05_5.bmp,82.20475597983597,155.845,28.242584947139825
i19_06_1.bmp,29.365857149720767,35.368285255501945,32.255148903518624
i19_06_2.bmp,40.52319614571908,37.60106436325029,32.109101392177934
i19_06_3.bmp,53.60463606069649,39.08794903845953,31.45412410599497
i19_06_4.bmp,67.3264622907711,46.69932813351497,30.36118568629834
i19_06_5.bmp,74.50797193069567,57.453313259498344,29.20773016128016
i19_07_1.bmp,43.58877346245387,24.687074478540552,31.625156132430433
i19_07_2.bmp,53.960432044224575,29.916311278678535,30.75405545142604
i19_07_3.bmp,80.11331926764123,40.12602994075277,30.893331793038733
i19_07_4.bmp,88.1097282489994,56.384093270191414,30.12654395794883
i19_07_5.bmp,99.35851618224316,60.91086048603344,30.14831508495265
I20_01_1.bmp,17.16691736636764,24.45312874591761,32.75411029727513
i20_01_2.bmp,27.67705682485891,29.806822314889672,31.403345150526757
i20_01_3.bmp,36.50507538161591,44.071329386825795,30.27368740927757
i20_01_4.bmp,43.65697464778529,50.85902712868423,29.492838868482096
i20_01_5.bmp,52.092884804475915,42.597097061396056,28.760440116793625
i20_02_1.bmp,5.521496997785533,32.20508578691701,32.74462067984154
i20_02_2.bmp,15.425108666868681,44.06721826923783,31.508678863861515
i20_02_3.bmp,24.305116770765693,51.41343641963917,30.45550672160221
i20_02_4.bmp,33.53502190175365,51.36690774483745,29.664972706345118
i20_02_5.bmp,42.75839286853383,34.949812414321485,28.99844439811005
i20_03_1.bmp,9.576824897948171,31.87053751816788,33.31953785934751
i20_03_2.bmp,11.474031628053439,30.870227094808996,32.369639819608786
i20_03_3.bmp,12.580368459992513,41.83308127503901,30.66062211724571
i20_03_4.bmp,12.985196911604788,44.45569628503469,29.77991100538705
i20_03_5.bmp,11.860001854879869,41.64261758629286,29.06123137343297
i20_04_1.bmp,-5.558766193263438,46.36456438598097,34.10826181208048
i20_04_2.bmp,-3.9870681223329996,48.35111871556077,33.37866433904739
i20_04_3.bmp,0.22872386406695,55.91638844674273,32.500623607512544
i20_04_4.bmp,9.583465662119892,60.49152728464546,31.583110501189708
i20_04_5.bmp,25.402440907146655,155.845,29.284564733817312
i20_05_1.bmp,24.69284687033266,22.801465763165623,32.740756093315724
i20_05_2.bmp,38.22300281708962,27.22618233524335,31.470504548118615
i20_05_3.bmp,54.27436467498214,45.88089775172986,29.793098683974346
i20_05_4.bmp,63.10406960530176,155.845,28.94076606879596
i20_05_5.bmp,70.12885725970597,155.845,29.25952886844918
i20_06_1.bmp,25.921996254315417,44.37590634638204,34.951520326985445
i20_06_2.bmp,37.21965347569969,44.5467360472247,34.48738433014103
i20_06_3.bmp,71.54201227525513,43.48404883382781,33.6496108691635
i20_06_4.bmp,108.10700491797249,46.94342563406164,32.43511291061112
i20_06_5.bmp,109.14413605653985,34.493617141835074,30.913632379996283
i20_07_1.bmp,47.225620119958165,45.11770232982073,33.87808637516703
i20_07_2.bmp,71.14752598768197,49.702534960755514,33.57656009662227
i20_07_3.bmp,89.63462740025588,50.85405732023648,33.10130362114933
i20_07_4.bmp,105.39786160911657,56.45200828167057,32.73057779829174
i20_07_5.bmp,131.62331521331865,60.96640857865154,32.7982754942964
I21_01_1.bmp,21.360956998098544,15.30813047556066,31.280640320273022
i21_01_2.bmp,29.30019429725391,16.19626651770224,30.449140037755132
i21_01_3.bmp,35.991330796205574,23.427149543115746,29.453630663544136
i21_01_4.bmp,44.09819855423822,29.192293389613354,28.79646859735434
i21_01_5.bmp,52.74031331985131,43.252675722798784,28.318722051076723
i21_02_1.bmp,12.175778244238444,16.60763537564955,31.29413182910417
i21_02_2.bmp,18.4001947598517,17.544549910584436,30.522449771953323
i21_02_3.bmp,25.26818338416453,31.484316192287764,29.57178068921324
i21_02_4.bmp,32.68006801097735,39.057501029484314,28.906999611773394
i21_02_5.bmp,40.8922298208939,44.65433746058747,28.26343348515746
i21_03_1.bmp,7.07238236303246,33.05570497189203,31.432854843710693
i21_03_2.bmp,7.468332988879041,24.296558482815016,31.113640876957053
i21_03_3.bmp,6.011542682190878,30.752561481273204,29.783183517153656
i21_03_4.bmp,8.340626910695363,34.61504258810564,29.035644842490818
i21_03_5.bmp,8.827212336361498,38.01817387608614,28.515226963679424
i21_04_1.bmp,4.663667133057714,27.708647054419743,32.106273384284506
i21_04_2.bmp,8.722730900271443,24.34877937818166,31.873127308350362
i21_04_3.bmp,16.802134399736445,21.787912623633787,31.450321160007476
i21_04_4.bmp,30.362530473287592,22.633882169086604,30.413661855292652
i21_04_5.bmp,46.43445634083159,155.845,28.067447851313364
i21_05_1.bmp,36.618512146122015,15.040841895649663,31.1292081103911
i21_05_2.bmp,47.19702058994605,10.257898659364145,30.47607752235761
i21_05_3.bmp,60.049033548769415,19.87284995787715,29.028251064399146
i21_05_4.bmp,68.32883402916727,155.845,28.04611972850511
i21_05_5.bmp,76.25125199899361,155.845,28.154766751003947
i21_06_1.bmp,7.727281636311176,26.593293304998582,32.47243791106366
i21_06_2.bmp,17.342662509047244,24.449594147413762,32.35146048774674
i21_06_3.bmp,31.316631136653967,24.310546141568892,31.947039044607184
i21_06_4.bmp,50.74255734417736,35.23505551786738,30.93020632282057
i21_06_5.bmp,64.24369810528262,37.90181618768767,29.542693334255056
i21_07_1.bmp,23.169969860638133,24.770176342346275,31.74680638523605
i21_07_2.bmp,41.507345267421414,23.987617130477673,31.373954134788317
i21_07_3.bmp,71.28741874783358,29.968064362072,31.476312612846872
i21_07_4.bmp,84.63065245742402,38.27522560752638,30.982286763499367
i21_07_5.bmp,96.88169255860836,48.266411800175064,31.091118268804316
I22_01_1.bmp,25.370165687427374,16.51011143490709,31.605528135073826
i22_01_2.bmp,34.24478206881835,19.064188793173884,30.498630163065712
i22_01_3.bmp,40.96436754550743,25.548871837658538,29.47112568484139
i22_01_4.bmp,51.44821386371345,28.280105001688725,28.817631243949883
i22_01_5.bmp,60.04530426139294,36.538366084355374,28.316601944398197
i22_02_1.bmp,15.043647263354359,17.31427325606714,31.66326274879035
i22_02_2.bmp,20.450056976326863,21.080468861348294,30.601501206466114
i22_02_3.bmp,28.01257659829568,30.118403743621542,29.582896226421617
i22_02_4.bmp,37.47046011642087,41.07735061517073,28.91136349561984
i22_02_5.bmp,46.30719342648135,55.84567085125602,28.010129065484367
i22_03_1.bmp,12.022990101429713,20.26419849947112,32.4174089226075
i22_03_2.bmp,12.738269316503732,20.88636721513987,31.413807639448063
i22_03_3.bmp,12.866095998793838,30.746206159057436,29.90384338591766
i22_03_4.bmp,12.556636312685413,38.80338128762966,29.076804492313762
i22_03_5.bmp,12.049449534226454,40.447441655434744,28.556648722530188
i22_04_1.bmp,14.859388294865965,21.45571442484797,32.30826500703528
i22_04_2.bmp,21.001977199852234,18.396975174127505,31.84968303062375
i22_04_3.bmp,33.557592662432484,17.21540062366509,31.025103524841043
i22_04_4.bmp,50.52183599885208,155.845,27.846870673908953
i22_04_5.bmp,66.04406217677999,155.845,27.889535060209308
i22_05_1.bmp,36.027335626817234,15.102011510487586,31.4858125333419
i22_05_2.bmp,48.53637046271885,13.505086151415156,30.533152698571687
i22_05_3.bmp,65.05609202497189,28.813533757788917,28.99030844846422
i22_05_4.bmp,70.9363298322314,155.845,27.92908622956662
i22_05_5.bmp,77.32579046149212,155.845,28.18704909928484
i22_06_1.bmp,14.72707716929196,23.33414377835865,32.883624674875726
i22_06_2.bmp,20.48089177448898,29.46754571276753,32.64830529092448
i22_06_3.bmp,33.24551448232191,32.859071942469626,32.09241516698344
i22_06_4.bmp,51.70700223630635,35.864457331136094,30.971976050610003
i22_06_5.bmp,74.95680680922302,42.878578101819556,29.73639667749056
i22_07_1.bmp,26.033687624983912,18.709938288819302,31.838317846731975
i22_07_2.bmp,51.18304393855871,25.35917276494942,31.38444954517769
i22_07_3.bmp,70.00647468638576,36.868974382523305,30.60496481790687
i22_07_4.bmp,100.82297691165954,46.20986958467458,30.77803495054228
i22_07_5.bmp,105.16508509976038,53.12348031639485,31.17883822740073
I23_01_1.bmp,13.862299574524826,16.795248262794047,32.267881657504184
i23_01_2.bmp,26.527146890516377,24.541138650320335,30.71539992298144
i23_01_3.bmp,40.861681958827575,37.14326631099911,29.553386167219454
i23_01_4.bmp,52.30180791167649,39.18540978930693,28.847883271167674
i23_01_5.bmp,59.0404402519446,14.92002998236589,28.251625561469112
i23_02_1.bmp,-3.652378070126275,31.746366198457935,32.45916264350866
i23_02_2.bmp,6.064478978771575,40.765044398480626,31.002437019280404
i23_02_3.bmp,20.96568583019311,49.83521216409744,29.82394359817878
i23_02_4.bmp,34.8569819304781,49.07461227678979,29.027846401017364
i23_02_5.bmp,46.08574373082624,41.115941599785714,28.230364562522617
i23_03_1.bmp,5.356857448686327,20.38376321560574,33.270171746925435
i23_03_2.bmp,9.007156985783439,20.927244868306474,31.513633679307887
i23_03_3.bmp,12.612322667448638,25.78839847476044,30.027773336162955
i23_03_4.bmp,10.947417098336444,32.45186161794604,29.065349492304403
i23_03_5.bmp,11.17675847643406,36.67359317190241,28.53539170946156
i23_04_1.bmp,-13.827479575724539,33.302380729410146,34.65846887609556
i23_04_2.bmp,-10.017947920135299,33.49775327625807,33.79576727663503
i23_04_3.bmp,0.5860828264605686,36.56122587562842,32.676728658422995
i23_04_4.bmp,22.463749467447286,48.028594757596096,31.448843214469374
i23_04_5.bmp,50.45777174107636,155.845,27.89019471690927
i23_05_1.bmp,28.656483356888288,18.626365406292592,32.207049651906566
i23_05_2.bmp,46.533565948274344,25.015127149368567,30.732920396797198
i23_05_3.bmp,64.9198604248904,42.2745270437492,29.007862004134495
i23_05_4.bmp,72.63418541546824,155.845,27.97435111189436
i23_05_5.bmp,80.87452655474618,155.845,28.29103646546784
i23_06_1.bmp,3.085932224307925,33.195197387614684,35.16234372995584
i23_06_2.bmp,17.509585065045457,33.409107934792786,34.40106006732384
i23_06_3.bmp,38.285647944453416,34.094016021284546,33.033405310831526
i23_06_4.bmp,63.88037066897775,38.160976311653116,31.01577428190779
i23_06_5.bmp,84.74931369051623,155.845,27.78107783824432
i23_07_1.bmp,27.550186720103483,25.91333245538314,33.25268908879525
i23_07_2.bmp,41.746596570095534,27.509565024518196,32.36060060451929
i23_07_3.bmp,76.34854774633388,34.91968593089277,32.532675233018004
i23_07_4.bmp,99.20971675463383,44.6803184637715,32.844712603542106
i23_07_5.bmp,113.48520104704195,50.95150554415417,32.56573602018141
I24_01_1.bmp,18.110760103140677,22.175037689034383,31.83394100304133
i24_01_2.bmp,26.564158268820023,22.46052269605488,30.597580086818684
i24_01_3.bmp,38.04153650106625,31.485585616292582,29.419314035091652
i24_01_4.bmp,47.80297845243783,31.961442765789656,28.796324323089564
i24_01_5.bmp,56.13752168398432,31.5982084433235,28.282394765870393
i24_02_1.bmp,10.801884002384867,25.678462506164095,31.906341647112093
i24_02_2.bmp,16.046299718028166,26.72095829078509,30.73930073213703
i24_02_3.bmp,22.971434433971098,36.29947205686673,29.55629313935485
i24_02_4.bmp,31.802473562744893,38.04835360945751,28.88182198697072
i24_02_5.bmp,43.17921838334345,155.845,27.919518082789466
i24_03_1.bmp,9.021921173117079,29.608215168984174,31.894144476589744
i24_03_2.bmp,9.141474094922245,26.66616173070858,31.240423140761955
i24_03_3.bmp,11.893577179874654,37.734204928054254,29.702420194012923
i24_03_4.bmp,12.298719647203114,40.4675242415594,29.00672380750333
i24_03_5.bmp,13.48916960076312,42.1748389195528,28.489080447834944
i24_04_1.bmp,11.927348952017013,35.32432716276455,32.580242596341385
i24_04_2.bmp,17.294657991241337,32.21617158764022,32.122336825971274
i24_04_3.bmp,27.97833943602481,27.72341289410528,31.319624425773522
i24_04_4.bmp,45.26905825868718,155.845,27.902184128368393
i24_04_5.bmp,63.643848152420645,155.845,27.9291638298106
i24_05_1.bmp,31.72245002715769,24.506286218539884,31.692842637186036
i24_05_2.bmp,44.668102455078355,19.640261282452997,30.692372784196134
i24_05_3.bmp,65.06828180473482,33.993438128783026,28.931743523060543
i24_05_4.bmp,73.24261473793072,155.845,27.918083292487502
i24_05_5.bmp,76.85274130441354,155.845,28.114972705115125
i24_06_1.bmp,19.327859502167797,37.85970079952173,33.26638485542876
i24_06_2.bmp,27.173702228819565,41.984304540771035,32.978595913807524
i24_06_3.bmp,40.15541164837063,39.019310276828236,32.56937464594839
i24_06_4.bmp,59.390756843964226,39.13334198747745,31.119147114267022
i24_06_5.bmp,76.54715621617535,46.88974905658026,29.535296009312972
i24_07_1.bmp,29.172052917213335,30.197618087533982,32.318567964276006
i24_07_2.bmp,38.00850681755739,30.98146645642666,31.37051273283856
i24_07_3.bmp,47.96281398618552,33.480365591651406,30.336115908175543
i24_07_4.bmp,85.35817985969524,42.467999253670854,30.923103901221353
i24_07_5.bmp,114.3216884859572,49.51887031134399,31.889116893781463
I25_01_1.bmp,67.92186968910184,101.9215859822161,29.12605919894453
i25_01_2.bmp,73.91658365241832,108.7591229546396,28.88913385670632
i25_01_3.bmp,81.45459261421107,121.25355098787716,28.627817862317613
i25_01_4.bmp,87.90412133822869,127.0441775053288,28.376878630687127
i25_01_5.bmp,93.6475506634134,134.05025266002295,28.15604092005206
i25_02_1.bmp,58.53293236976205,96.63770097081348,29.18081920209943
i25_02_2.bmp,64.17016855145968,99.46423774330103,28.98155417457375
i25_02_3.bmp,70.3765076032872,109.51454019206736,28.730475762383886
i25_02_4.bmp,77.55293682700793,117.45608338507853,28.481450599134284
i25_02_5.bmp,82.92881398080337,123.50709711974915,28.235370310851316
i25_03_1.bmp,58.15658931393838,95.94182853692118,29.104085334193822
i25_03_2.bmp,58.64359203259082,100.02522275927763,28.89487956902126
i25_03_3.bmp,58.127013957956905,105.15986344605304,28.648772217180245
i25_03_4.bmp,58.58239801974864,113.17607166338095,28.392116029476888
i25_03_5.bmp,60.810167500209076,124.05548857029427,28.17039424832084
i25_04_1.bmp,67.27410947748317,89.19972071478239,29.474794561258694
i25_04_2.bmp,63.132685785560824,92.09182495074432,29.440166024959147
i25_04_3.bmp,60.07820287727449,96.85063427340785,29.417055582291027
i25_04_4.bmp,57.18881906126691,93.47724683928934,29.402999465902845
i25_04_5.bmp,54.858153085181215,60.96531284084037,29.278306105327502
i25_05_1.bmp,76.52894584576413,102.25972887479062,29.116977540949947
i25_05_2.bmp,84.29985537124603,110.85202263827361,28.896556249148095
i25_05_3.bmp,94.8135543958222,124.12796268559808,28.48659614564664
i25_05_4.bmp,101.66256200717018,41.28811570707259,28.06442788176951
i25_05_5.bmp,102.84514053310929,155.845,28.758576925385242
i25_06_1.bmp,115.36929981287662,99.08544554464592,29.452990877017335
i25_06_2.bmp,116.93288835111983,107.51019183727712,29.371301209065514
i25_06_3.bmp,118.84686719603619,114.78526243232963,29.270044443174946
i25_06_4.bmp,115.84264828430523,122.964591340184,29.049707233072976
i25_06_5.bmp,96.18657403845148,78.20112917668663,28.72066464654506
i25_07_1.bmp,137.56785058440957,88.24425467846615,29.280403913582873
i25_07_2.bmp,138.17087747541743,86.30918193188276,29.225241337812946
i25_07_3.bmp,139.25643159775305,92.38323361273578,29.143595469692162
i25_07_4.bmp,147.57940088267347,90.9912452744446,29.104278990854265
i25_07_5.bmp,157.41401069365318,90.89509524484592,29.001755203855666
